<?xml version="1.0" encoding="UTF-8"?>
<metadata xml:lang="es"><Esri><CreaDate>20181116</CreaDate><CreaTime>15455700</CreaTime><SyncOnce>FALSE</SyncOnce><SyncDate>20181116</SyncDate><SyncTime>07115100</SyncTime><ModDate>20181116</ModDate><ModTime>07115100</ModTime><DataProperties><lineage><Process Name="FeatureClassToFeatureClass_1" ToolSource="C:\Program Files\ArcGIS\ArcToolbox\Toolboxes\Conversion Tools.tbx\FeatureClassToFeatureClass" Date="20100114" Time="164543">FeatureClassToFeatureClass "C:\Users\HP-Tablet\Desktop\Colombia by Gisco 2009\Colombia By GISCO Feb2009.mdb\MUNICIPALITIES" "C:\Users\HP-Tablet\Desktop\Colombia By GISCO Feb2009 listo.mdb" MUNICIPALITIES # "NOM_MUNIC NOM_MUNIC true false false 50 Text 0 0 ,First,#,C:\Users\HP-Tablet\Desktop\Colombia by Gisco 2009\Colombia By GISCO Feb2009.mdb\MUNICIPALITIES,NOM_MUNIC,-1,-1;DEPARTAMEN DEPARTAMEN true false false 40 Text 0 0 ,First,#,C:\Users\HP-Tablet\Desktop\Colombia by Gisco 2009\Colombia By GISCO Feb2009.mdb\MUNICIPALITIES,DEPARTAMEN,-1,-1;AREA_1 AREA_1 true false false 2 Text 0 0 ,First,#,C:\Users\HP-Tablet\Desktop\Colombia by Gisco 2009\Colombia By GISCO Feb2009.mdb\MUNICIPALITIES,AREA_1,-1,-1;AREA_2 AREA_2 true false false 5 Text 0 0 ,First,#,C:\Users\HP-Tablet\Desktop\Colombia by Gisco 2009\Colombia By GISCO Feb2009.mdb\MUNICIPALITIES,AREA_2,-1,-1;SHAPE_LENG SHAPE_LENG true false false 8 Double 0 0 ,First,#,C:\Users\HP-Tablet\Desktop\Colombia by Gisco 2009\Colombia By GISCO Feb2009.mdb\MUNICIPALITIES,SHAPE_LENG,-1,-1;CITY CITY true false false 9 Text 0 0 ,First,#,C:\Users\HP-Tablet\Desktop\Colombia by Gisco 2009\Colombia By GISCO Feb2009.mdb\MUNICIPALITIES,CITY,-1,-1;SHAPE_Length SHAPE_Length false true true 8 Double 0 0 ,First,#,C:\Users\HP-Tablet\Desktop\Colombia by Gisco 2009\Colombia By GISCO Feb2009.mdb\MUNICIPALITIES,SHAPE_Length,-1,-1;SHAPE_Area SHAPE_Area false true true 8 Double 0 0 ,First,#,C:\Users\HP-Tablet\Desktop\Colombia by Gisco 2009\Colombia By GISCO Feb2009.mdb\MUNICIPALITIES,SHAPE_Area,-1,-1" # "C:\Users\HP-Tablet\Desktop\Colombia By GISCO Feb2009 listo.mdb\MUNICIPALITIES"</Process><Process ToolSource="C:\Archivos de programa\ArcGIS\ArcToolbox\Toolboxes\Conversion Tools.tbx\FeatureClassToFeatureClass" Date="20100814" Time="112858">FeatureClassToFeatureClass "C:\Documents and Settings\Administrador\Escritorio\CUADRANTES COLOMBIA\COLOMBIA JUNIO\Colombia By GISCO Agosto2010.mdb\MUNICIPALITIES" "C:\Documents and Settings\Administrador\Escritorio\CUADRANTES COLOMBIA\COLOMBIA JUNIO\Colombia By GISCO Agosto2010.mdb\divipola" MUNICIPALITY # "IDMUNICIPALITY 'IDMUNICIPALITY' true true false 5 Text 0 0 ,First,#,C:\Documents and Settings\Administrador\Escritorio\CUADRANTES COLOMBIA\COLOMBIA JUNIO\Colombia By GISCO Agosto2010.mdb\MUNICIPALITIES,IDMUNICIPALITY,-1,-1;MUNICIPALITY 'MUNICIPALITY' true true false 50 Text 0 0 ,First,#,C:\Documents and Settings\Administrador\Escritorio\CUADRANTES COLOMBIA\COLOMBIA JUNIO\Colombia By GISCO Agosto2010.mdb\MUNICIPALITIES,MUNICIPALITY,-1,-1;IDDEPARTMENT 'IDDEPARTMENT' true true false 2 Text 0 0 ,First,#,C:\Documents and Settings\Administrador\Escritorio\CUADRANTES COLOMBIA\COLOMBIA JUNIO\Colombia By GISCO Agosto2010.mdb\MUNICIPALITIES,IDDEPARTMENT,-1,-1;DEPARTAMENT 'DEPARTAMENT' true true false 40 Text 0 0 ,First,#,C:\Documents and Settings\Administrador\Escritorio\CUADRANTES COLOMBIA\COLOMBIA JUNIO\Colombia By GISCO Agosto2010.mdb\MUNICIPALITIES,DEPARTAMENT,-1,-1;IDSETTLEMENT 'IDSETTLEMENT' true true false 8 Text 0 0 ,First,#,C:\Documents and Settings\Administrador\Escritorio\CUADRANTES COLOMBIA\COLOMBIA JUNIO\Colombia By GISCO Agosto2010.mdb\MUNICIPALITIES,IDSETTLEMENT,-1,-1;Shape_Length 'Shape_Length' false true true 8 Double 0 0 ,First,#,C:\Documents and Settings\Administrador\Escritorio\CUADRANTES COLOMBIA\COLOMBIA JUNIO\Colombia By GISCO Agosto2010.mdb\MUNICIPALITIES,Shape_Length,-1,-1;Shape_Area 'Shape_Area' false true true 8 Double 0 0 ,First,#,C:\Documents and Settings\Administrador\Escritorio\CUADRANTES COLOMBIA\COLOMBIA JUNIO\Colombia By GISCO Agosto2010.mdb\MUNICIPALITIES,Shape_Area,-1,-1" # "C:\Documents and Settings\Administrador\Escritorio\CUADRANTES COLOMBIA\COLOMBIA JUNIO\Colombia By GISCO Agosto2010.mdb\divipola\MUNICIPALITY"</Process><Process ToolSource="C:\Archivos de programa\ArcGIS\ArcToolbox\Toolboxes\Conversion Tools.tbx\FeatureClassToFeatureClass" Date="20110130" Time="091957">FeatureClassToFeatureClass "C:\Documents and Settings\Administrador\Escritorio\Colombia Roads\IGO February\Colombia By GISCO Febrero2011.mdb\divipola\MUNICIPALITY" "C:\Documents and Settings\Administrador\Escritorio\Colombia Roads\IGO February" Municipality.shp # "IDMUNICIPA 'IDMUNICIPA' true true false 5 Text 0 0 ,First,#,C:\Documents and Settings\Administrador\Escritorio\Colombia Roads\IGO February\Colombia By GISCO Febrero2011.mdb\divipola\MUNICIPALITY,IDMUNICIPA,-1,-1;MUNICIPALI 'MUNICIPALI' true true false 50 Text 0 0 ,First,#,C:\Documents and Settings\Administrador\Escritorio\Colombia Roads\IGO February\Colombia By GISCO Febrero2011.mdb\divipola\MUNICIPALITY,MUNICIPALI,-1,-1;IDDEPARTME 'IDDEPARTME' true true false 2 Text 0 0 ,First,#,C:\Documents and Settings\Administrador\Escritorio\Colombia Roads\IGO February\Colombia By GISCO Febrero2011.mdb\divipola\MUNICIPALITY,IDDEPARTME,-1,-1;DEPARTAMEN 'DEPARTAMEN' true true false 40 Text 0 0 ,First,#,C:\Documents and Settings\Administrador\Escritorio\Colombia Roads\IGO February\Colombia By GISCO Febrero2011.mdb\divipola\MUNICIPALITY,DEPARTAMEN,-1,-1;IDSETTLEME 'IDSETTLEME' true true false 8 Text 0 0 ,First,#,C:\Documents and Settings\Administrador\Escritorio\Colombia Roads\IGO February\Colombia By GISCO Febrero2011.mdb\divipola\MUNICIPALITY,IDSETTLEME,-1,-1;Shape_Leng 'Shape_Leng' true true false 8 Double 0 0 ,First,#,C:\Documents and Settings\Administrador\Escritorio\Colombia Roads\IGO February\Colombia By GISCO Febrero2011.mdb\divipola\MUNICIPALITY,Shape_Leng,-1,-1;Shape_Area 'Shape_Area' false true true 8 Double 0 0 ,First,#,C:\Documents and Settings\Administrador\Escritorio\Colombia Roads\IGO February\Colombia By GISCO Febrero2011.mdb\divipola\MUNICIPALITY,Shape_Area,-1,-1" # "C:\Documents and Settings\Administrador\Escritorio\Colombia Roads\IGO February\Municipality.shp"</Process><Process ToolSource="C:\Archivos de programa\BatchEditStringFields\BatchEditStringFields.tbx\Cap_Words" Date="20110130" Time="092409">Cap_Words Municipality DEPARTAMEN # Municipality</Process><Process ToolSource="C:\Archivos de programa\BatchEditStringFields\BatchEditStringFields.tbx\Cap_Words" Date="20110130" Time="092438">Cap_Words Municipality DEPARTAMEN # Municipality</Process><Process ToolSource="C:\Archivos de programa\BatchEditStringFields\BatchEditStringFields.tbx\Cap_Words" Date="20110130" Time="092503">Cap_Words Municipality MUNICIPALI # Municipality</Process><Process ToolSource="C:\Archivos de programa\ArcGIS\ArcToolbox\Toolboxes\Data Management Tools.tbx\CopyFeatures" Date="20110214" Time="121822">CopyFeatures "C:\Documents and Settings\Administrador\Escritorio\Colombia Roads\IGO February\Divipola\Municipality.shp" "C:\Documents and Settings\Administrador\Escritorio\Colombia Roads\IGO February\Colombia By GISCO Febrero2011.mdb\divipola\Municipality" # 0 0 0</Process></lineage><itemProps><itemName Sync="TRUE">MpiosChinchina</itemName><imsContentType Sync="TRUE">002</imsContentType><itemLocation><linkage Sync="TRUE">file://\\LAPTOP-FJUN2ST6\C$\Users\john\Documents\Geomatica\taller3\MpiosChinchina.shp</linkage><protocol Sync="TRUE">Local Area Network</protocol></itemLocation><itemSize Sync="TRUE">0.000</itemSize></itemProps><coordRef><type Sync="TRUE">Geographic</type><geogcsn Sync="TRUE">GCS_WGS_1984</geogcsn><csUnits Sync="TRUE">Angular Unit: Degree (0.017453)</csUnits><peXml Sync="TRUE">&lt;GeographicCoordinateSystem xsi:type='typens:GeographicCoordinateSystem' xmlns:xsi='http://www.w3.org/2001/XMLSchema-instance' xmlns:xs='http://www.w3.org/2001/XMLSchema' xmlns:typens='http://www.esri.com/schemas/ArcGIS/10.4'&gt;&lt;WKT&gt;GEOGCS[&amp;quot;GCS_WGS_1984&amp;quot;,DATUM[&amp;quot;D_WGS_1984&amp;quot;,SPHEROID[&amp;quot;WGS_1984&amp;quot;,6378137.0,298.257223563]],PRIMEM[&amp;quot;Greenwich&amp;quot;,0.0],UNIT[&amp;quot;Degree&amp;quot;,0.0174532925199433],AUTHORITY[&amp;quot;EPSG&amp;quot;,4326]]&lt;/WKT&gt;&lt;XOrigin&gt;-400&lt;/XOrigin&gt;&lt;YOrigin&gt;-400&lt;/YOrigin&gt;&lt;XYScale&gt;11258999068426.238&lt;/XYScale&gt;&lt;ZOrigin&gt;-100000&lt;/ZOrigin&gt;&lt;ZScale&gt;10000&lt;/ZScale&gt;&lt;MOrigin&gt;-100000&lt;/MOrigin&gt;&lt;MScale&gt;10000&lt;/MScale&gt;&lt;XYTolerance&gt;8.983152841195215e-009&lt;/XYTolerance&gt;&lt;ZTolerance&gt;0.001&lt;/ZTolerance&gt;&lt;MTolerance&gt;0.001&lt;/MTolerance&gt;&lt;HighPrecision&gt;true&lt;/HighPrecision&gt;&lt;LeftLongitude&gt;-180&lt;/LeftLongitude&gt;&lt;WKID&gt;4326&lt;/WKID&gt;&lt;LatestWKID&gt;4326&lt;/LatestWKID&gt;&lt;/GeographicCoordinateSystem&gt;</peXml></coordRef></DataProperties><ArcGISFormat>1.0</ArcGISFormat></Esri><idinfo><native Sync="TRUE">Microsoft Windows XP Version 5.1 (Build 2600) Service Pack 3; ESRI ArcCatalog 9.3.0.1770</native><descript><langdata Sync="TRUE">es</langdata><abstract>REQUIRED: A brief narrative summary of the data set.</abstract><purpose>REQUIRED: A summary of the intentions with which the data set was developed.</purpose></descript><citation><citeinfo><origin>REQUIRED: The name of an organization or individual that developed the data set.</origin><pubdate>REQUIRED: The date when the data set is published or otherwise made available for release.</pubdate><title Sync="TRUE">Municipality</title><ftname Sync="TRUE">Municipality</ftname><geoform Sync="TRUE">vector digital data</geoform><onlink Sync="TRUE">\\GISCO-JOHN\C\Documents and Settings\Administrador\Escritorio\Colombia Roads\IGO February\Colombia By GISCO Febrero2011.mdb</onlink></citeinfo></citation><timeperd><current>REQUIRED: The basis on which the time period of content information is determined.</current><timeinfo><sngdate><caldate>REQUIRED: The year (and optionally month, or month and day) for which the data set corresponds to the ground.</caldate></sngdate></timeinfo></timeperd><status><progress>REQUIRED: The state of the data set.</progress><update>REQUIRED: The frequency with which changes and additions are made to the data set after the initial data set is completed.</update></status><spdom><bounding><westbc Sync="TRUE">-81.735793</westbc><eastbc Sync="TRUE">-66.847327</eastbc><northbc Sync="TRUE">13.394818</northbc><southbc Sync="TRUE">-4.227828</southbc></bounding><lboundng><leftbc Sync="TRUE">-81.735793</leftbc><rightbc Sync="TRUE">-66.847327</rightbc><bottombc Sync="TRUE">-4.227828</bottombc><topbc Sync="TRUE">13.394818</topbc></lboundng></spdom><keywords><theme><themekt>REQUIRED: Reference to a formally registered thesaurus or a similar authoritative source of theme keywords.</themekt><themekey>REQUIRED: Common-use word or phrase used to describe the subject of the data set.</themekey></theme></keywords><accconst>REQUIRED: Restrictions and legal prerequisites for accessing the data set.</accconst><useconst>REQUIRED: Restrictions and legal prerequisites for using the data set after access is granted.</useconst><natvform Sync="TRUE">Personal GeoDatabase Feature Class</natvform></idinfo><dataIdInfo><envirDesc Sync="TRUE"> Version 6.2 (Build 9200) ; Esri ArcGIS 10.4.0.5524</envirDesc><dataLang><languageCode Sync="TRUE" value="spa"></languageCode><countryCode value="COL" Sync="TRUE"></countryCode></dataLang><idCitation><resTitle Sync="TRUE">MpiosChinchina</resTitle><presForm><PresFormCd Sync="TRUE" value="005"></PresFormCd></presForm></idCitation><spatRpType><SpatRepTypCd Sync="TRUE" value="001"></SpatRepTypCd></spatRpType><dataExt><geoEle><GeoBndBox esriExtentType="native"><westBL Sync="TRUE">-81.735793</westBL><eastBL Sync="TRUE">-66.847327</eastBL><northBL Sync="TRUE">13.394818</northBL><southBL Sync="TRUE">-4.227828</southBL><exTypeCode Sync="TRUE">1</exTypeCode></GeoBndBox></geoEle></dataExt><geoBox esriExtentType="decdegrees"><westBL Sync="TRUE">-81.735793</westBL><eastBL Sync="TRUE">-66.847327</eastBL><northBL Sync="TRUE">13.394818</northBL><southBL Sync="TRUE">-4.227828</southBL><exTypeCode Sync="TRUE">1</exTypeCode></geoBox></dataIdInfo><metainfo><langmeta Sync="TRUE">es</langmeta><metstdn Sync="TRUE">FGDC Content Standards for Digital Geospatial Metadata</metstdn><metstdv Sync="TRUE">FGDC-STD-001-1998</metstdv><mettc Sync="TRUE">local time</mettc><metc><cntinfo><cntorgp><cntper>REQUIRED: The person responsible for the metadata information.</cntper><cntorg>REQUIRED: The organization responsible for the metadata information.</cntorg></cntorgp><cntaddr><addrtype>REQUIRED: The mailing and/or physical address for the organization or individual.</addrtype><city>REQUIRED: The city of the address.</city><state>REQUIRED: The state or province of the address.</state><postal>REQUIRED: The ZIP or other postal code of the address.</postal></cntaddr><cntvoice>REQUIRED: The telephone number by which individuals can speak to the organization or individual.</cntvoice></cntinfo></metc><metd Sync="TRUE">20110214</metd></metainfo><mdLang><languageCode Sync="TRUE" value="spa"></languageCode><countryCode value="COL" Sync="TRUE"></countryCode></mdLang><mdStanName Sync="TRUE">ISO 19115 Geographic Information - Metadata</mdStanName><mdStanVer Sync="TRUE">DIS_ESRI1.0</mdStanVer><mdChar><CharSetCd Sync="TRUE" value="004"></CharSetCd></mdChar><mdHrLv><ScopeCd Sync="TRUE" value="005"></ScopeCd></mdHrLv><mdHrLvName Sync="TRUE">dataset</mdHrLvName><distinfo><resdesc Sync="TRUE">Downloadable Data</resdesc><stdorder><digform><digtinfo><transize Sync="TRUE">0,000</transize><dssize Sync="TRUE">0,000</dssize></digtinfo></digform></stdorder></distinfo><distInfo><distributor><distorTran><onLineSrc><orDesc Sync="TRUE">002</orDesc><linkage Sync="TRUE">file://\\GISCO-JOHN\C\Documents and Settings\Administrador\Escritorio\Colombia Roads\IGO February\Colombia By GISCO Febrero2011.mdb</linkage><protocol Sync="TRUE">Local Area Network</protocol></onLineSrc><transSize Sync="TRUE">0,000</transSize></distorTran><distorFormat><formatName Sync="TRUE">Personal GeoDatabase Feature Class</formatName></distorFormat></distributor><distFormat><formatName Sync="TRUE">Shapefile</formatName></distFormat><distTranOps><transSize Sync="TRUE">0.000</transSize></distTranOps></distInfo><spdoinfo><direct Sync="TRUE">Vector</direct><ptvctinf><esriterm Name="MpiosChinchina"><efeatyp Sync="TRUE">Simple</efeatyp><efeageom code="4" Sync="TRUE"></efeageom><esritopo Sync="TRUE">FALSE</esritopo><efeacnt Sync="TRUE">0</efeacnt><spindex Sync="TRUE">FALSE</spindex><linrefer Sync="TRUE">FALSE</linrefer></esriterm></ptvctinf></spdoinfo><spref><horizsys><cordsysn><geogcsn Sync="TRUE">GCS_WGS_1984</geogcsn></cordsysn><geograph><geogunit Sync="TRUE">Decimal degrees</geogunit><latres Sync="TRUE">0.000000</latres><longres Sync="TRUE">0.000000</longres></geograph><geodetic><horizdn Sync="TRUE">D_WGS_1984</horizdn><ellips Sync="TRUE">WGS_1984</ellips><semiaxis Sync="TRUE">6378137.000000</semiaxis><denflat Sync="TRUE">298.257224</denflat></geodetic></horizsys><vertdef><altsys><altenc Sync="TRUE">Explicit elevation coordinate included with horizontal coordinates</altenc><altres Sync="TRUE">0.000100</altres></altsys></vertdef></spref><refSysInfo><RefSystem><refSysID><identCode Sync="TRUE" code="4326">GCS_WGS_1984</identCode><idCodeSpace Sync="TRUE">EPSG</idCodeSpace><idVersion Sync="TRUE">6.14(3.0.1)</idVersion></refSysID></RefSystem></refSysInfo><spatRepInfo><VectSpatRep><geometObjs Name="MpiosChinchina"><geoObjTyp><GeoObjTypCd value="002" Sync="TRUE"></GeoObjTypCd></geoObjTyp><geoObjCnt Sync="TRUE">0</geoObjCnt></geometObjs><topLvl><TopoLevCd value="001" Sync="TRUE"></TopoLevCd></topLvl></VectSpatRep></spatRepInfo><eainfo><detailed Name="MpiosChinchina"><enttyp><enttypl Sync="TRUE">MpiosChinchina</enttypl><enttypt Sync="TRUE">Feature Class</enttypt><enttypc Sync="TRUE">0</enttypc></enttyp><attr><attrlabl Sync="TRUE">IDDEPARTME</attrlabl><attalias Sync="TRUE">FID</attalias><attrtype Sync="TRUE">OID</attrtype><attwidth Sync="TRUE">4</attwidth><atprecis Sync="TRUE">0</atprecis><attscale Sync="TRUE">0</attscale><attrdef Sync="TRUE">Length of feature in internal units.</attrdef><attrdefs Sync="TRUE">Esri</attrdefs><attrdomv><udom Sync="TRUE">Positive real numbers that are automatically generated.</udom></attrdomv></attr><attr><attrlabl Sync="TRUE">Shape_Leng</attrlabl><attalias Sync="TRUE">Shape_Leng</attalias><attrtype Sync="TRUE">Double</attrtype><attwidth Sync="TRUE">19</attwidth><atprecis Sync="TRUE">0</atprecis><attscale Sync="TRUE">0</attscale><attrdef Sync="TRUE">Internal feature number.</attrdef><attrdefs Sync="TRUE">ESRI</attrdefs><attrdomv><udom Sync="TRUE">Sequential unique whole numbers that are automatically generated.</udom></attrdomv></attr><attr><attrlabl Sync="TRUE">DEPARTAMEN</attrlabl><attalias Sync="TRUE">IDMUNICIPA</attalias><attrtype Sync="TRUE">String</attrtype><attwidth Sync="TRUE">5</attwidth><atprecis Sync="TRUE">0</atprecis><attscale Sync="TRUE">0</attscale></attr><attr><attrlabl Sync="TRUE">IDSETTLEME</attrlabl><attalias Sync="TRUE">IDSETTLEME</attalias><attrtype Sync="TRUE">String</attrtype><attwidth Sync="TRUE">8</attwidth><atprecis Sync="TRUE">0</atprecis><attscale Sync="TRUE">0</attscale><attrdef Sync="TRUE">Area of feature in internal units squared.</attrdef><attrdefs Sync="TRUE">ESRI</attrdefs><attrdomv><udom Sync="TRUE">Positive real numbers that are automatically generated.</udom></attrdomv></attr><attr><attrlabl Sync="TRUE">SHAPE_Area</attrlabl><attalias Sync="TRUE">Shape_Area</attalias><attrtype Sync="TRUE">Double</attrtype><attwidth Sync="TRUE">19</attwidth><atprecis Sync="TRUE">0</atprecis><attscale Sync="TRUE">0</attscale><attrdef Sync="TRUE">Area of feature in internal units squared.</attrdef><attrdefs Sync="TRUE">ESRI</attrdefs><attrdomv><udom Sync="TRUE">Positive real numbers that are automatically generated.</udom></attrdomv></attr><attr><attrlabl Sync="TRUE">Shape_Area</attrlabl><attalias Sync="TRUE">Shape</attalias><attrtype Sync="TRUE">Geometry</attrtype><attwidth Sync="TRUE">0</attwidth><attrdef Sync="TRUE">Area of feature in internal units squared.</attrdef><attrdefs Sync="TRUE">ESRI</attrdefs><attrdomv><udom Sync="TRUE">Positive real numbers that are automatically generated.</udom></attrdomv><atprecis Sync="TRUE">0</atprecis><attscale Sync="TRUE">0</attscale></attr><attr><attrlabl Sync="TRUE">Shape</attrlabl><attalias Sync="TRUE">MUNICIPALI</attalias><attrtype Sync="TRUE">String</attrtype><attwidth Sync="TRUE">50</attwidth><atprecis Sync="TRUE">0</atprecis><attscale Sync="TRUE">0</attscale><attrdef Sync="TRUE">Feature geometry.</attrdef><attrdefs Sync="TRUE">ESRI</attrdefs><attrdomv><udom Sync="TRUE">Coordinates defining the features.</udom></attrdomv></attr><attr><attrlabl Sync="TRUE">SHAPE</attrlabl><attalias Sync="TRUE">IDDEPARTME</attalias><attrtype Sync="TRUE">String</attrtype><attwidth Sync="TRUE">2</attwidth><atprecis Sync="TRUE">0</atprecis><attscale Sync="TRUE">0</attscale><attrdef Sync="TRUE">Feature geometry.</attrdef><attrdefs Sync="TRUE">ESRI</attrdefs><attrdomv><udom Sync="TRUE">Coordinates defining the features.</udom></attrdomv></attr><attr><attrlabl Sync="TRUE">Shape_Le_1</attrlabl><attalias Sync="TRUE">Shape_Le_1</attalias><attrtype Sync="TRUE">Double</attrtype><attwidth Sync="TRUE">19</attwidth><atprecis Sync="TRUE">0</atprecis><attscale Sync="TRUE">0</attscale></attr><attr><attrlabl Sync="TRUE">MUNICIPALI</attrlabl><attalias Sync="TRUE">DEPARTAMEN</attalias><attrtype Sync="TRUE">String</attrtype><attwidth Sync="TRUE">40</attwidth><atprecis Sync="TRUE">0</atprecis><attscale Sync="TRUE">0</attscale></attr></detailed></eainfo><mdDateSt Sync="TRUE">20181116</mdDateSt></metadata>
