<?xml version="1.0"?>
<!--<!DOCTYPE metadata SYSTEM "http://www.esri.com/metadata/esriprof80.dtd">-->
<metadata xml:lang="es"><Esri><MetaID>{CF44D0E2-3D8C-4EE6-A810-DAC11FC6EE8C}</MetaID><CreaDate>20050819</CreaDate><CreaTime>13491600</CreaTime><SyncOnce>TRUE</SyncOnce><DataProperties><lineage><Process Name="Create Feature Class" ToolSource="C:\Archivos de programa\ArcGIS\ArcToolbox\Toolboxes\Data Management Tools.tbx\CreateFeatureclass" Date="20050819" Time="134916">CreateFeatureclass "D:\Daniel\Daniel\Bases de Datos Espaciales\Talleres\Taller 2 Red Vial" señal # qq_Net_Junctions_Layer SAME_AS_TEMPLATE SAME_AS_TEMPLATE "PROJCS['Colombia_Bogota_Zone',GEOGCS['GCS_Bogota',DATUM['D_Bogota',SPHEROID['International_1924',6378388.0,297.0]],PRIMEM['Greenwich',0.0],UNIT['Degree',0.0174532925199433]],PROJECTION['Transverse_Mercator'],PARAMETER['False_Easting',1000000.0],PARAMETER['False_Northing',1000000.0],PARAMETER['Central_Meridian',-74.08091666666667],PARAMETER['Scale_Factor',1.0],PARAMETER['Latitude_Of_Origin',4.599047222222222],UNIT['Meter',1.0]];799834.334284275 1148143.08501324 31249.9999708962;0 100000;0 100000" # 0 0 0 "D:\Daniel\Daniel\Bases de Datos Espaciales\Talleres\Taller 2 Red Vial\señal.shp"</Process><Process Name="Append" ToolSource="C:\Archivos de programa\ArcGIS\ArcToolbox\Toolboxes\Data Management Tools.tbx\Append" Date="20050819" Time="134916">Append qq_Net_Junctions_Layer "D:\Daniel\Daniel\Bases de Datos Espaciales\Talleres\Taller 2 Red Vial\señal.shp" TEST "D:\Daniel\Daniel\Bases de Datos Espaciales\Talleres\Taller 2 Red Vial\señal.shp"</Process><Process Name="FeatureClassToFeatureClass_2" ToolSource="C:\Archivos de programa\ArcGIS\ArcToolbox\Toolboxes\Conversion Tools.tbx\FeatureClassToFeatureClass" Date="20050819" Time="134917">FeatureClassToFeatureClass "D:\Daniel\Daniel\Bases de Datos Espaciales\Talleres\Taller 2 Red Vial\New Personal Geodatabase.mdb\qq\qq_Net_Junctions" "D:\Daniel\Daniel\Bases de Datos Espaciales\Talleres\Taller 2 Red Vial" señal # "Enabled Enabled VISIBLE" SAME_AS_TEMPLATE SAME_AS_TEMPLATE # 0 "D:\Daniel\Daniel\Bases de Datos Espaciales\Talleres\Taller 2 Red Vial\señal.shp"</Process></lineage></DataProperties></Esri></metadata>
