<?xml version="1.0"?>
<!--<!DOCTYPE metadata SYSTEM "http://www.esri.com/metadata/esriprof80.dtd">-->
<metadata xml:lang="es"><Esri><CreaDate>20050727</CreaDate><CreaTime>13314400</CreaTime><SyncOnce>TRUE</SyncOnce><MetaID>{53AF0570-ECF3-43A4-A858-CC1B0D327C59}</MetaID></Esri><idinfo><citation><citeinfo><onlink Sync="TRUE">\\ISAD7942\f\Seminario Actualizacion I\Talleres\Taller 6 Red Vial\viaCopy</onlink></citeinfo></citation></idinfo><distInfo><distributor><distorTran><onLineSrc><linkage Sync="TRUE">file://\\ISAD7942\f\Seminario Actualizacion I\Talleres\Taller 6 Red Vial\viaCopy</linkage><protocol Sync="TRUE">Local Area Network</protocol></onLineSrc></distorTran></distributor></distInfo><dataqual><lineage><procstep><procdesc Sync="TRUE">Dataset copied.</procdesc><srcused Sync="TRUE">D:\Daniel\Daniel\Seminario Actualizacion I\Talleres\Taller 6 Red Vial\via</srcused><date Sync="TRUE">20050727</date><time Sync="TRUE">13314400</time></procstep></lineage></dataqual></metadata>
