<?xml version="1.0" encoding="ISO-8859-1"?>
<metadata>
	<idinfo>
		<citation>
			<citeinfo>
				<origin>ESRI</origin>
				<pubdate>January 2001</pubdate>
				<title Sync="TRUE">seafloor.tif</title><ftname Sync="TRUE">seafloor.tif</ftname><geoform Sync="TRUE">remote-sensing image</geoform></citeinfo>
		</citation>
		<descript>
			<purpose>This data is intended for use with Getting to Know ArcGIS Desktop. It may have been modified for training purposes and should not be used for analysis outside of this context.</purpose>
			<langdata Sync="TRUE">en</langdata><abstract>Represents seafloor elevation for an area in the Pacific Ocean.</abstract></descript>
		<timeperd>
			<timeinfo>
				<sngdate>
					<caldate>2001</caldate>
				</sngdate>
			</timeinfo>
			<current>publication date</current>
		</timeperd>
		<status>
			<progress>Complete</progress>
			<update>As needed</update>
		</status>
		<accconst>None.</accconst>
		<useconst>See the ESRI License Agreement (Appendix A) for Disclaimer of Warranties and Limitation on Liabilities with respect to the sample Data contained herein. The sample Data is the intellectual property of the respective data providers and is used herein with permission. Use of this data is restricted to training, demonstration, and educational purposes in conjunction with the "Getting to Know ArcGIS" workbook. The data may have been modified or fictionalized to fit the educational scenario presented in the workbook.</useconst>
		<ptcontac>
			<cntinfo>
				<cntorgp>
					<cntorg>Environmental Systems Research Institute, Inc.</cntorg>
				</cntorgp>
				<cntpos>Education material</cntpos>
				<cntaddr>
					<addrtype>mailing and physical address</addrtype>
					<address>380 New York Street</address>
					<city>Redlands</city>
					<state>California</state>
					<postal>92373-8100</postal>
					<country>USA</country>
				</cntaddr>
			</cntinfo>
		</ptcontac>
		<native Sync="TRUE">Microsoft Windows NT Version 4.0 (Build 1381) Service Pack 5; ESRI ArcCatalog 8.1.0.642</native>
		<crossref>
			<citeinfo>
				<origin>ESRI</origin>
				<onlink>http://www.esri.com/metadata/</onlink>
			</citeinfo>
		</crossref>
		<spdom><bounding><westbc Sync="TRUE">-179.999989</westbc><eastbc Sync="TRUE">179.999989</eastbc><northbc Sync="TRUE">24.437972</northbc><southbc Sync="TRUE">-37.202342</southbc></bounding><lboundng><leftbc Sync="TRUE">-3021082.717458</leftbc><rightbc Sync="TRUE">6408076.749009</rightbc><bottombc Sync="TRUE">-4141345.759852</bottombc><topbc Sync="TRUE">2720422.588419</topbc></lboundng></spdom><keywords><theme><themekey>raster</themekey><themekey>elevation</themekey><themekey>seafloor</themekey><themekey>Pacific Ocean</themekey></theme></keywords><natvform Sync="TRUE">Raster Dataset</natvform></idinfo>
	<dataqual>
		<attracc>
			<attraccr>The user of this data should not assume any viable accuracy for this data other than for demonstration purposes.</attraccr>
		</attracc>
		<logic>This data was tested with ESRI ArcGIS software, version 8.1.</logic>
	</dataqual>
	<metainfo>
		<metd Sync="TRUE">20010521</metd>
		<metc>
			<cntinfo>
				<cntorgp>
					<cntorg>Environmental Systems Research Institute, Inc.</cntorg>
					<cntper>REQUIRED: The person responsible for the metadata information.</cntper></cntorgp>
				<cntpos>Education material</cntpos>
				<cntaddr>
					<addrtype>mailing and physical address</addrtype>
					<address>380 New York Street</address>
					<city>Redlands</city>
					<state>California</state>
					<postal>92373-8100</postal>
				</cntaddr>
				<cntvoice>909-793-2853</cntvoice>
				<cntfax>909-793-5953</cntfax>
				<cntemail>info@esri.com</cntemail>
				<hours>8:00a.m. - 5:30p.m. Pacific time, Monday - Friday</hours>
			</cntinfo>
		</metc>
		<metstdn Sync="TRUE">FGDC Content Standards for Digital Geospatial Metadata</metstdn>
		<metstdv Sync="TRUE">FGDC-STD-001-1998</metstdv>
		<mettc Sync="TRUE">local time</mettc>
		<langmeta Sync="TRUE">en</langmeta><metextns><onlink Sync="TRUE">http://www.esri.com/metadata/esriprof80.html</onlink><metprof Sync="TRUE">ESRI Metadata Profile</metprof></metextns></metainfo>
	<Esri><MetaID>{BA54313E-4499-11D5-A83D-00508BD60CE6}</MetaID><CreaDate>20010509</CreaDate><CreaTime>10375800</CreaTime><SyncOnce>FALSE</SyncOnce><SyncDate>20010516</SyncDate><SyncTime>16594400</SyncTime><ModDate>20010521</ModDate><ModTime>16113500</ModTime></Esri><spdoinfo><direct Sync="TRUE">Raster</direct><rastinfo><rasttype Sync="TRUE">Pixel</rasttype><rowcount Sync="TRUE">743</rowcount><colcount Sync="TRUE">1021</colcount><rastxsz Sync="TRUE">9235.219850</rastxsz><rastysz Sync="TRUE">9235.219850</rastysz><rastbpp Sync="TRUE">16</rastbpp><vrtcount Sync="TRUE">1</vrtcount><rastorig Sync="TRUE">Upper Left</rastorig><rastcmap Sync="TRUE">FALSE</rastcmap><rastcomp Sync="TRUE">None</rastcomp><rastband Sync="TRUE">1</rastband><rastdtyp Sync="TRUE">pixel codes</rastdtyp><rastplyr Sync="TRUE">TRUE</rastplyr><rastifor Sync="TRUE">TIFF</rastifor></rastinfo></spdoinfo><spref><horizsys><cordsysn><geogcsn Sync="TRUE">GCS_WGS_1984</geogcsn><projcsn Sync="TRUE">Plate Carree</projcsn></cordsysn><planar><planci><plance Sync="TRUE">row and column</plance><plandu Sync="TRUE">meters</plandu><coordrep><absres Sync="TRUE">9235.219850</absres><ordres Sync="TRUE">9235.219850</ordres></coordrep></planci><mapproj><mapprojn Sync="TRUE">Equirectangular</mapprojn><equirect><stdparll Sync="TRUE">0.000000</stdparll><longcm Sync="TRUE">162.500000</longcm><feast Sync="TRUE">0.000000</feast><fnorth Sync="TRUE">0.000000</fnorth></equirect></mapproj></planar><geodetic><horizdn Sync="TRUE">D_WGS_1984</horizdn><ellips Sync="TRUE">WGS_1984</ellips><semiaxis Sync="TRUE">6378137.000000</semiaxis><denflat Sync="TRUE">298.257224</denflat></geodetic></horizsys></spref><eainfo><detailed Name="area3a_2"><enttyp><enttypl Sync="TRUE">area3a_2</enttypl><enttypt Sync="TRUE">Table</enttypt><enttypc Sync="TRUE">7957</enttypc></enttyp><attr><attrlabl Sync="TRUE">ObjectID</attrlabl><attalias Sync="TRUE">ObjectID</attalias><attrtype Sync="TRUE">OID</attrtype><attwidth Sync="TRUE">4</attwidth><atprecis Sync="TRUE">0</atprecis><attscale Sync="TRUE">0</attscale></attr><attr><attrlabl Sync="TRUE">Value</attrlabl><attalias Sync="TRUE">Value</attalias><attrtype Sync="TRUE">Integer</attrtype><attwidth Sync="TRUE">0</attwidth><atprecis Sync="TRUE">0</atprecis><attscale Sync="TRUE">0</attscale></attr><attr><attrlabl Sync="TRUE">Count</attrlabl><attalias Sync="TRUE">Count</attalias><attrtype Sync="TRUE">Double</attrtype><attwidth Sync="TRUE">0</attwidth><atprecis Sync="TRUE">0</atprecis><attscale Sync="TRUE">0</attscale></attr></detailed></eainfo><distinfo><stdorder><digform><digtinfo><transize Sync="TRUE">0.000</transize><dssize Sync="TRUE">0.000</dssize></digtinfo></digform></stdorder></distinfo></metadata>
