<?xml version="1.0" encoding="ISO-8859-1"?>
<metadata>
	<idinfo>
		<citation>
			<citeinfo>
				<origin>ESRI</origin>
				<pubdate>January 2001</pubdate>
				<title Sync="TRUE">seafloor.lyr</title>
				<geoform>remote-sensing image</geoform>
				<ftname Sync="TRUE">seafloor.lyr</ftname></citeinfo>
		</citation>
		<descript>
			<abstract>Represents seafloor elevation for an area in the Pacific Ocean.</abstract>
			<purpose>This data is intended for use with Getting to Know ArcGIS Desktop. It may have been modified for training purposes and should not be used for analysis outside of this context.</purpose>
			<langdata Sync="TRUE">en</langdata></descript>
		<timeperd>
			<timeinfo>
				<sngdate>
					<caldate>2001</caldate>
				</sngdate>
			</timeinfo>
			<current>publication date</current>
		</timeperd>
		<status>
			<progress>Complete</progress>
			<update>As needed</update>
		</status>
		<spdom>
			<bounding>
				<westbc>-179.999989</westbc>
				<eastbc>179.999989</eastbc>
				<northbc>24.437972</northbc>
				<southbc>-37.202342</southbc>
			</bounding>
		</spdom>
		<keywords>
			<theme>
				<themekey>layer</themekey>
				<themekey>elevation</themekey>
				<themekey>seafloor</themekey>
				<themekey>Pacific Ocean</themekey>
				<themekt>REQUIRED: Reference to a formally registered thesaurus or a similar authoritative source of theme keywords.</themekt></theme>
		</keywords>
		<accconst>None.</accconst>
		<useconst>See the ESRI License Agreement (Appendix A) for Disclaimer of Warranties and Limitation on Liabilities with respect to the sample Data contained herein. The sample Data is the intellectual property of the respective data providers and is used herein with permission. Use of this data is restricted to training, demonstration, and educational purposes in conjunction with the "Getting to Know ArcGIS" workbook. The data may have been modified or fictionalized to fit the educational scenario presented in the workbook.</useconst>
		<ptcontac>
			<cntinfo>
				<cntorgp>
					<cntorg>Environmental Systems Research Institute, Inc.</cntorg>
				</cntorgp>
				<cntpos>Education material</cntpos>
				<cntaddr>
					<addrtype>mailing and physical address</addrtype>
					<address>380 New York Street</address>
					<city>Redlands</city>
					<state>California</state>
					<postal>92373-8100</postal>
					<country>USA</country>
				</cntaddr>
			</cntinfo>
		</ptcontac>
		<native Sync="TRUE">Microsoft Windows NT Version 4.0 (Build 1381) Service Pack 5; ESRI ArcCatalog 8.1.0.642</native>
		<crossref>
			<citeinfo>
				<origin>ESRI</origin>
				<onlink>http://www.esri.com/metadata/</onlink>
			</citeinfo>
		</crossref>
		<natvform Sync="TRUE">Layer</natvform></idinfo>
	<dataqual>
		<attracc>
			<attraccr>The user of this data should not assume any viable accuracy for this data other than for demonstration purposes.</attraccr>
		</attracc>
		<logic>This data was tested with ESRI ArcGIS software, version 8.1.</logic>
	</dataqual>
	<spdoinfo>
		<direct>Raster</direct>
		<rastinfo>
			<rasttype>Pixel</rasttype>
			<rowcount>743</rowcount>
			<colcount>1021</colcount>
			<vrtcount>1</vrtcount>
		</rastinfo>
	</spdoinfo>
	<spref>
		<horizsys>
			<planar>
				<mapproj>
					<mapprojn>Equirectangular</mapprojn>
					<equirect>
						<stdparll>0.000000</stdparll>
						<longcm>162.500000</longcm>
						<feast>0.000000</feast>
						<fnorth>0.000000</fnorth>
					</equirect>
				</mapproj>
				<planci>
					<plance>row and column</plance>
					<coordrep>
						<absres>9235.219850</absres>
						<ordres>9235.219850</ordres>
					</coordrep>
					<plandu>meters</plandu>
				</planci>
			</planar>
			<geodetic>
				<horizdn>D_WGS_1984</horizdn>
				<ellips>WGS_1984</ellips>
				<semiaxis>6378137.000000</semiaxis>
				<denflat>298.257224</denflat>
			</geodetic>
		</horizsys>
	</spref>
	<eainfo>
		<detailed>
			<enttyp>
				<enttypl>area3a_2</enttypl>
			</enttyp>
			<attr>
				<attrlabl>ObjectID</attrlabl>
			</attr>
			<attr>
				<attrlabl>Value</attrlabl>
			</attr>
			<attr>
				<attrlabl>Count</attrlabl>
			</attr>
		</detailed>
	</eainfo>
	<distinfo>
		<stdorder>
			<digform>
				<digtinfo>
					<transize>0.000</transize>
				</digtinfo>
			</digform>
		</stdorder>
	</distinfo>
	<metainfo>
		<metd Sync="TRUE">20010521</metd>
		<metc>
			<cntinfo>
				<cntorgp>
					<cntorg>Environmental Systems Research Institute, Inc.</cntorg>
					<cntper>REQUIRED: The person responsible for the metadata information.</cntper>
				</cntorgp>
				<cntpos>Education material</cntpos>
				<cntaddr>
					<addrtype>mailing and physical address</addrtype>
					<address>380 New York Street</address>
					<city>Redlands</city>
					<state>California</state>
					<postal>92373-8100</postal>
				</cntaddr>
				<cntvoice>909-793-2853</cntvoice>
				<cntfax>909-793-5953</cntfax>
				<cntemail>info@esri.com</cntemail>
				<hours>8:00a.m. - 5:30p.m. Pacific time, Monday - Friday</hours>
			</cntinfo>
		</metc>
		<metstdn Sync="TRUE">FGDC Content Standards for Digital Geospatial Metadata</metstdn>
		<metstdv Sync="TRUE">FGDC-STD-001-1998</metstdv>
		<mettc Sync="TRUE">local time</mettc>
		<langmeta Sync="TRUE">en</langmeta><metextns><onlink Sync="TRUE">http://www.esri.com/metadata/esriprof80.html</onlink><metprof Sync="TRUE">ESRI Metadata Profile</metprof></metextns></metainfo>
	<Esri><MetaID>{BA543142-4499-11D5-A83D-00508BD60CE6}</MetaID><CreaDate>20010509</CreaDate><CreaTime>10431000</CreaTime><SyncOnce>FALSE</SyncOnce><SyncDate>20010516</SyncDate><SyncTime>16593900</SyncTime><ModDate>20010521</ModDate><ModTime>16112200</ModTime></Esri></metadata>
