<?xml version="1.0" encoding="ISO-8859-1"?>
<metadata>
	<idinfo>
		<citation>
			<citeinfo>
				<origin>ESRI</origin>
				<pubdate>January 2001</pubdate>
				<title Sync="TRUE">Cities</title>
				<geoform Sync="TRUE">vector digital data</geoform>
				<ftname Sync="TRUE">Cities</ftname></citeinfo>
		</citation>
		<descript>
			<abstract>Represents major cities of Africa.</abstract>
			<purpose>This data is intended for use with Getting to Know ArcGIS Desktop. It may have been modified for training purposes and should not be used for analysis outside of this context.</purpose>
			<langdata Sync="TRUE">en</langdata></descript>
		<timeperd>
			<timeinfo>
				<sngdate>
					<caldate>2001</caldate>
				</sngdate>
			</timeinfo>
			<current>publication date</current>
		</timeperd>
		<status>
			<progress>Complete</progress>
			<update>As needed</update>
		</status>
		<spdom>
			<bounding>
				<westbc Sync="TRUE">-16.848095</westbc>
				<eastbc Sync="TRUE">49.410000</eastbc>
				<northbc Sync="TRUE">36.818813</northbc>
				<southbc Sync="TRUE">-33.881577</southbc>
			</bounding>
			<lboundng><leftbc Sync="TRUE">-16.848095</leftbc><rightbc Sync="TRUE">49.410000</rightbc><bottombc Sync="TRUE">-33.881577</bottombc><topbc Sync="TRUE">36.818813</topbc></lboundng></spdom>
		<keywords>
			<theme>
				<themekt>REQUIRED: Reference to a formally registered thesaurus or a similar authoritative source of theme keywords.</themekt>
				<themekey>point</themekey>
				<themekey>cities</themekey>
				<themekey>Africa</themekey>
			</theme>
		</keywords>
		<accconst>None.</accconst>
		<useconst>See the ESRI License Agreement (Appendix A) for Disclaimer of Warranties and Limitation on Liabilities with respect to the sample Data contained herein. The sample Data is the intellectual property of the respective data providers and is used herein with permission. Use of this data is restricted to training, demonstration, and educational purposes in conjunction with the "Getting to Know ArcGIS" workbook. The data may have been modified or fictionalized to fit the educational scenario presented in the workbook.</useconst>
		<ptcontac>
			<cntinfo>
				<cntorgp>
					<cntorg>Environmental Systems Research Institute, Inc.</cntorg>
				</cntorgp>
				<cntpos>Education material</cntpos>
				<cntaddr>
					<addrtype>mailing and physical address</addrtype>
					<address>380 New York Street</address>
					<city>Redlands</city>
					<state>California</state>
					<postal>92373-8100</postal>
					<country>USA</country>
				</cntaddr>
			</cntinfo>
		</ptcontac>
		<native Sync="TRUE">Microsoft Windows NT Version 4.0 (Build 1381) Service Pack 5; ESRI ArcCatalog 8.1.0.642</native>
		<crossref>
			<citeinfo>
				<origin>ESRI</origin>
				<onlink>http://www.esri.com/metadata/</onlink>
			</citeinfo>
		</crossref>
		<natvform Sync="TRUE">Shapefile</natvform></idinfo>
	<dataqual>
		<attracc>
			<attraccr>The user of this data should not assume any viable accuracy for this data other than for demonstration purposes.</attraccr>
		</attracc>
		<logic>This data was tested with ESRI ArcGIS software, version 8.1.</logic>
	</dataqual>
	<spdoinfo>
		<direct Sync="TRUE">Vector</direct>
		<ptvctinf>
			<sdtsterm Name="Cities">
				<sdtstype Sync="TRUE">Entity point</sdtstype>
				<ptvctcnt Sync="TRUE">100</ptvctcnt>
			</sdtsterm>
			<esriterm Name="Cities"><efeatyp Sync="TRUE">Simple</efeatyp><efeageom Sync="TRUE">Point</efeageom><esritopo Sync="TRUE">FALSE</esritopo><efeacnt Sync="TRUE">100</efeacnt><spindex Sync="TRUE">TRUE</spindex><linrefer Sync="TRUE">FALSE</linrefer></esriterm></ptvctinf>
	</spdoinfo>
	<spref>
		<horizsys>
			<geograph>
				<latres Sync="TRUE">0.000001</latres>
				<longres Sync="TRUE">0.000001</longres>
				<geogunit Sync="TRUE">Decimal degrees</geogunit>
			</geograph>
			<geodetic>
				<horizdn Sync="TRUE">D_WGS_1984</horizdn>
				<ellips Sync="TRUE">WGS_1984</ellips>
				<semiaxis Sync="TRUE">6378137.000000</semiaxis>
				<denflat Sync="TRUE">298.257224</denflat>
			</geodetic>
			<cordsysn><geogcsn Sync="TRUE">GCS_WGS_1984</geogcsn></cordsysn></horizsys>
		<vertdef>
			<altsys>
				<altres>0.000010</altres>
				<altenc>Explicit elevation coordinate included with horizontal coordinates</altenc>
			</altsys>
		</vertdef>
	</spref>
	<eainfo>
		<detailed Name="Cities">
			<enttyp>
				<enttypl Sync="TRUE">Cities</enttypl>
				<enttypt Sync="TRUE">Feature Class</enttypt><enttypc Sync="TRUE">100</enttypc></enttyp>
			<attr>
				<attrlabl Sync="TRUE">FID</attrlabl>
				<attalias Sync="TRUE">FID</attalias><attrtype Sync="TRUE">OID</attrtype><attwidth Sync="TRUE">4</attwidth><atprecis Sync="TRUE">0</atprecis><attscale Sync="TRUE">0</attscale><attrdef Sync="TRUE">Internal feature number.</attrdef><attrdefs Sync="TRUE">ESRI</attrdefs><attrdomv><udom Sync="TRUE">Sequential unique whole numbers that are automatically generated.</udom></attrdomv></attr>
			<attr>
				<attrlabl Sync="TRUE">Shape</attrlabl>
				<attrdef Sync="TRUE">Feature geometry.</attrdef>
				<attrdefs Sync="TRUE">ESRI</attrdefs>
				<attrdomv>
					<udom Sync="TRUE">Coordinates defining the features.</udom>
				</attrdomv>
				<attalias Sync="TRUE">Shape</attalias><attrtype Sync="TRUE">Geometry</attrtype><attwidth Sync="TRUE">0</attwidth><atprecis Sync="TRUE">0</atprecis><attscale Sync="TRUE">0</attscale></attr>
			<attr>
				<attrlabl Sync="TRUE">FID_1</attrlabl>
				<attalias Sync="TRUE">FID_1</attalias><attrtype Sync="TRUE">Number</attrtype><attwidth Sync="TRUE">9</attwidth></attr>
			<attr>
				<attrlabl Sync="TRUE">FID_12</attrlabl>
				<attalias Sync="TRUE">FID_12</attalias><attrtype Sync="TRUE">Number</attrtype><attwidth Sync="TRUE">9</attwidth></attr>
			<attr>
				<attrlabl Sync="TRUE">NAME</attrlabl>
				<attalias Sync="TRUE">NAME</attalias><attrtype Sync="TRUE">String</attrtype><attwidth Sync="TRUE">40</attwidth></attr>
			<attr>
				<attrlabl Sync="TRUE">POPULATION</attrlabl>
				<attalias Sync="TRUE">POPULATION</attalias><attrtype Sync="TRUE">Number</attrtype><attwidth Sync="TRUE">11</attwidth></attr>
			<attr>
				<attrlabl Sync="TRUE">CAPITAL</attrlabl>
				<attalias Sync="TRUE">CAPITAL</attalias><attrtype Sync="TRUE">String</attrtype><attwidth Sync="TRUE">1</attwidth></attr>
			<attr><attrlabl Sync="TRUE">CNTRY_NAME</attrlabl><attalias Sync="TRUE">CNTRY_NAME</attalias><attrtype Sync="TRUE">String</attrtype><attwidth Sync="TRUE">20</attwidth></attr><attr><attrlabl Sync="TRUE">FIRST_CONT</attrlabl><attalias Sync="TRUE">FIRST_CONT</attalias><attrtype Sync="TRUE">String</attrtype><attwidth Sync="TRUE">13</attwidth></attr><attr><attrlabl Sync="TRUE">AnimalName</attrlabl><attalias Sync="TRUE">AnimalName</attalias><attrtype Sync="TRUE">String</attrtype><attwidth Sync="TRUE">25</attwidth></attr></detailed>
	</eainfo>
	<metainfo>
		<metd Sync="TRUE">20010521</metd>
		<metc>
			<cntinfo>
				<cntorgp>
					<cntorg>Environmental Systems Research Institute, Inc.</cntorg>
					<cntper>REQUIRED: The person responsible for the metadata information.</cntper>
				</cntorgp>
				<cntpos>Education material</cntpos>
				<cntaddr>
					<addrtype>mailing and physical address</addrtype>
					<address>380 New York Street</address>
					<city>Redlands</city>
					<state>California</state>
					<postal>92373-8100</postal>
				</cntaddr>
				<cntvoice>909-793-2853</cntvoice>
				<cntfax>909-793-5953</cntfax>
				<cntemail>info@esri.com</cntemail>
				<hours>8:00a.m. - 5:30p.m. Pacific time, Monday - Friday</hours>
			</cntinfo>
		</metc>
		<metstdn Sync="TRUE">FGDC Content Standards for Digital Geospatial Metadata</metstdn>
		<metstdv Sync="TRUE">FGDC-STD-001-1998</metstdv>
		<mettc Sync="TRUE">local time</mettc>
		<metextns>
			<onlink>http://www.esri.com/metadata/esriprof80.html</onlink>
			<metprof>ESRI Metadata Profile</metprof>
		</metextns>
		<langmeta Sync="TRUE">en</langmeta><metextns><onlink Sync="TRUE">http://www.esri.com/metadata/esriprof80.html</onlink><metprof Sync="TRUE">ESRI Metadata Profile</metprof></metextns></metainfo>
	<Esri><MetaID>{3368ABAA-4A41-11D5-A83E-00508BD60CE6}</MetaID><CreaDate>20010516</CreaDate><CreaTime>16142400</CreaTime><SyncOnce>FALSE</SyncOnce><SyncDate>20010516</SyncDate><SyncTime>17004500</SyncTime><ModDate>20010521</ModDate><ModTime>16142600</ModTime></Esri><distinfo><stdorder><digform><digtinfo><transize Sync="TRUE">0.026</transize><dssize Sync="TRUE">0.026</dssize></digtinfo></digform></stdorder></distinfo></metadata>
