<?xml version="1.0" encoding="ISO-8859-1"?>
<metadata>
	<idinfo>
		<citation>
			<citeinfo>
				<origin>ESRI</origin>
				<pubdate>January 2001</pubdate>
				<title Sync="TRUE">flight_path</title>
				<geoform Sync="TRUE">vector digital data</geoform>
				<ftname Sync="TRUE">flight_path</ftname></citeinfo>
		</citation>
		<descript>
			<abstract>Represents the completed segments or course Amelia Earhart flew while attempting to circumnavigate the world.</abstract>
			<purpose>This data is intended for use with Getting to Know ArcGIS Desktop. It may have been modified for training purposes and should not be used for analysis outside of this context.</purpose>
			<langdata Sync="TRUE">en</langdata></descript>
		<timeperd>
			<timeinfo>
				<sngdate>
					<caldate>2001</caldate>
				</sngdate>
			</timeinfo>
			<current>publication date</current>
		</timeperd>
		<status>
			<progress>Complete</progress>
			<update>As needed</update>
		</status>
		<spdom>
			<bounding>
				<westbc Sync="TRUE">-179.999989</westbc>
				<eastbc Sync="TRUE">179.999989</eastbc>
				<northbc Sync="TRUE">37.808977</northbc>
				<southbc Sync="TRUE">-12.439667</southbc>
			</bounding>
			<lboundng><leftbc Sync="TRUE">-20037507.067162</leftbc><rightbc Sync="TRUE">20037507.067162</rightbc><bottombc Sync="TRUE">-1384777.428117</bottombc><topbc Sync="TRUE">4208876.110905</topbc></lboundng></spdom>
		<keywords>
			<theme>
				<themekey>line</themekey>
				<themekey>flight path</themekey>
				<themekey>completed segments</themekey>
				<themekey>Amelia Earhart</themekey>
				<themekey>world</themekey>
				<themekt>REQUIRED: Reference to a formally registered thesaurus or a similar authoritative source of theme keywords.</themekt></theme>
		</keywords>
		<accconst>None.</accconst>
		<useconst>See the ESRI License Agreement (Appendix A) for Disclaimer of Warranties and Limitation on Liabilities with respect to the sample Data contained herein. The sample Data is the intellectual property of the respective data providers and is used herein with permission. Use of this data is restricted to training, demonstration, and educational purposes in conjunction with the "Getting to Know ArcGIS" workbook. The data may have been modified or fictionalized to fit the educational scenario presented in the workbook.</useconst>
		<ptcontac>
			<cntinfo>
				<cntorgp>
					<cntorg>Environmental Systems Research Institute, Inc.</cntorg>
				</cntorgp>
				<cntpos>Education material</cntpos>
				<cntaddr>
					<addrtype>mailing and physical address</addrtype>
					<address>380 New York Street</address>
					<city>Redlands</city>
					<state>California</state>
					<postal>92373-8100</postal>
					<country>USA</country>
				</cntaddr>
			</cntinfo>
		</ptcontac>
		<native Sync="TRUE">Microsoft Windows NT Version 4.0 (Build 1381) Service Pack 5; ESRI ArcCatalog 8.1.0.642</native>
		<crossref>
			<citeinfo>
				<origin>ESRI</origin>
				<onlink>http://www.esri.com/metadata/</onlink>
			</citeinfo>
		</crossref>
		<natvform Sync="TRUE">Shapefile</natvform></idinfo>
	<dataqual>
		<attracc>
			<attraccr>The user of this data should not assume any viable accuracy for this data other than for demonstration purposes.</attraccr>
		</attracc>
		<logic>This data was tested with ESRI ArcGIS software, version 8.1.</logic>
	</dataqual>
	<spdoinfo>
		<direct Sync="TRUE">Vector</direct>
		<ptvctinf>
			<sdtsterm Name="flight_path">
				<sdtstype Sync="TRUE">String</sdtstype>
				<ptvctcnt Sync="TRUE">27</ptvctcnt>
			</sdtsterm>
			<esriterm Name="flight_path"><efeatyp Sync="TRUE">Simple</efeatyp><efeageom Sync="TRUE">Polyline</efeageom><esritopo Sync="TRUE">FALSE</esritopo><efeacnt Sync="TRUE">27</efeacnt><spindex Sync="TRUE">TRUE</spindex><linrefer Sync="TRUE">FALSE</linrefer></esriterm></ptvctinf>
	</spdoinfo>
	<spref>
		<horizsys>
			<planar>
				<planci>
					<plance Sync="TRUE">coordinate pair</plance>
					<coordrep>
						<absres Sync="TRUE">0.065536</absres>
						<ordres Sync="TRUE">0.065536</ordres>
					</coordrep>
					<plandu Sync="TRUE">meters</plandu>
				</planci>
				<mapproj><mapprojn Sync="TRUE">Equirectangular</mapprojn><equirect><stdparll Sync="TRUE">0.000000</stdparll><longcm Sync="TRUE">162.500000</longcm><feast Sync="TRUE">0.000000</feast><fnorth Sync="TRUE">0.000000</fnorth></equirect></mapproj></planar>
			<geodetic>
				<horizdn Sync="TRUE">D_WGS_1984</horizdn>
				<ellips Sync="TRUE">WGS_1984</ellips>
				<semiaxis Sync="TRUE">6378137.000000</semiaxis>
				<denflat Sync="TRUE">298.257224</denflat>
			</geodetic>
			<cordsysn><geogcsn Sync="TRUE">GCS_WGS_1984</geogcsn><projcsn Sync="TRUE">World_Plate_Carree</projcsn></cordsysn></horizsys>
	</spref>
	<eainfo>
		<detailed Name="flight_path">
			<enttyp>
				<enttypl Sync="TRUE">flight_path</enttypl>
				<enttypt Sync="TRUE">Feature Class</enttypt><enttypc Sync="TRUE">27</enttypc></enttyp>
			<attr>
				<attrlabl Sync="TRUE">FID</attrlabl>
				<attrdef Sync="TRUE">Internal feature number.</attrdef>
				<attrdefs Sync="TRUE">ESRI</attrdefs>
				<attrdomv>
					<udom Sync="TRUE">Sequential unique whole numbers that are automatically generated.</udom>
				</attrdomv>
				<attalias Sync="TRUE">FID</attalias><attrtype Sync="TRUE">OID</attrtype><attwidth Sync="TRUE">4</attwidth><atprecis Sync="TRUE">0</atprecis><attscale Sync="TRUE">0</attscale></attr>
			<attr>
				<attrlabl Sync="TRUE">Shape</attrlabl>
				<attrdef Sync="TRUE">Feature geometry.</attrdef>
				<attrdefs Sync="TRUE">ESRI</attrdefs>
				<attrdomv>
					<udom Sync="TRUE">Coordinates defining the features.</udom>
				</attrdomv>
				<attalias Sync="TRUE">Shape</attalias><attrtype Sync="TRUE">Geometry</attrtype><attwidth Sync="TRUE">0</attwidth><atprecis Sync="TRUE">0</atprecis><attscale Sync="TRUE">0</attscale></attr>
			<attr>
				<attrlabl Sync="TRUE">LENGTH</attrlabl>
				<attalias Sync="TRUE">LENGTH</attalias><attrtype Sync="TRUE">Number</attrtype><attwidth Sync="TRUE">19</attwidth><atnumdec Sync="TRUE">3</atnumdec></attr>
			<attr>
				<attrlabl Sync="TRUE">FROM_CITY</attrlabl>
				<attalias Sync="TRUE">FROM_CITY</attalias><attrtype Sync="TRUE">String</attrtype><attwidth Sync="TRUE">25</attwidth></attr>
			<attr>
				<attrlabl Sync="TRUE">TO_CITY</attrlabl>
				<attalias Sync="TRUE">TO_CITY</attalias><attrtype Sync="TRUE">String</attrtype><attwidth Sync="TRUE">25</attwidth></attr>
		</detailed>
	</eainfo>
	<distinfo>
		<stdorder>
			<digform>
				<digtinfo>
					<transize>0.017</transize>
					<dssize Sync="TRUE">0.018</dssize></digtinfo>
			</digform>
		</stdorder>
	</distinfo>
	<metainfo>
		<metd Sync="TRUE">20010521</metd>
		<metc>
			<cntinfo>
				<cntorgp>
					<cntorg>Environmental Systems Research Institute, Inc.</cntorg>
					<cntper>REQUIRED: The person responsible for the metadata information.</cntper>
				</cntorgp>
				<cntpos>Education material</cntpos>
				<cntaddr>
					<addrtype>mailing and physical address</addrtype>
					<address>380 New York Street</address>
					<city>Redlands</city>
					<state>California</state>
					<postal>92373-8100</postal>
				</cntaddr>
				<cntvoice>909-793-2853</cntvoice>
				<cntfax>909-793-5953</cntfax>
				<cntemail>info@esri.com</cntemail>
				<hours>8:00a.m. - 5:30p.m. Pacific time, Monday - Friday</hours>
			</cntinfo>
		</metc>
		<metstdn Sync="TRUE">FGDC Content Standards for Digital Geospatial Metadata</metstdn>
		<metstdv Sync="TRUE">FGDC-STD-001-1998</metstdv>
		<mettc Sync="TRUE">local time</mettc>
		<metextns>
			<onlink>http://www.esri.com/metadata/esriprof80.html</onlink>
			<metprof>ESRI Metadata Profile</metprof>
		</metextns>
		<metextns>
			<onlink>http://www.esri.com/metadata/esriprof80.html</onlink>
			<metprof>ESRI Metadata Profile</metprof>
		</metextns>
		<langmeta Sync="TRUE">en</langmeta><metextns><onlink Sync="TRUE">http://www.esri.com/metadata/esriprof80.html</onlink><metprof Sync="TRUE">ESRI Metadata Profile</metprof></metextns></metainfo>
	<Esri><MetaID>{BA543129-4499-11D5-A83D-00508BD60CE6}</MetaID><CreaDate>20010509</CreaDate><CreaTime>10082000</CreaTime><SyncOnce>FALSE</SyncOnce><SyncDate>20010516</SyncDate><SyncTime>16595300</SyncTime><ModDate>20010521</ModDate><ModTime>16125600</ModTime></Esri></metadata>
