<metadata xml:lang="es"><Esri><CreaDate>20121024</CreaDate><CreaTime>10060300</CreaTime><ArcGISFormat>1.0</ArcGISFormat><SyncOnce>FALSE</SyncOnce><DataProperties><itemProps><itemName Sync="TRUE">RiosChinchina</itemName><imsContentType Sync="TRUE">002</imsContentType><itemLocation><linkage Sync="TRUE">file://\\LAPTOP-FJUN2ST6\C$\Users\john\Documents\Geomatica\taller3\RiosChinchina.shp</linkage><protocol Sync="TRUE">Local Area Network</protocol></itemLocation><itemSize Sync="TRUE">0.000</itemSize></itemProps><coordRef><type Sync="TRUE">Geographic</type><geogcsn Sync="TRUE">GCS_WGS_1984</geogcsn><peXml Sync="TRUE">&lt;GeographicCoordinateSystem xsi:type='typens:GeographicCoordinateSystem' xmlns:xsi='http://www.w3.org/2001/XMLSchema-instance' xmlns:xs='http://www.w3.org/2001/XMLSchema' xmlns:typens='http://www.esri.com/schemas/ArcGIS/10.4'&gt;&lt;WKT&gt;GEOGCS[&amp;quot;GCS_WGS_1984&amp;quot;,DATUM[&amp;quot;D_WGS_1984&amp;quot;,SPHEROID[&amp;quot;WGS_1984&amp;quot;,6378137.0,298.257223563]],PRIMEM[&amp;quot;Greenwich&amp;quot;,0.0],UNIT[&amp;quot;Degree&amp;quot;,0.0174532925199433],AUTHORITY[&amp;quot;EPSG&amp;quot;,4326]]&lt;/WKT&gt;&lt;XOrigin&gt;-400&lt;/XOrigin&gt;&lt;YOrigin&gt;-400&lt;/YOrigin&gt;&lt;XYScale&gt;11258999068426.238&lt;/XYScale&gt;&lt;ZOrigin&gt;-100000&lt;/ZOrigin&gt;&lt;ZScale&gt;10000&lt;/ZScale&gt;&lt;MOrigin&gt;-100000&lt;/MOrigin&gt;&lt;MScale&gt;10000&lt;/MScale&gt;&lt;XYTolerance&gt;8.983152841195215e-009&lt;/XYTolerance&gt;&lt;ZTolerance&gt;0.001&lt;/ZTolerance&gt;&lt;MTolerance&gt;0.001&lt;/MTolerance&gt;&lt;HighPrecision&gt;true&lt;/HighPrecision&gt;&lt;LeftLongitude&gt;-180&lt;/LeftLongitude&gt;&lt;WKID&gt;4326&lt;/WKID&gt;&lt;LatestWKID&gt;4326&lt;/LatestWKID&gt;&lt;/GeographicCoordinateSystem&gt;</peXml><csUnits Sync="TRUE">Angular Unit: Degree (0.017453)</csUnits></coordRef><lineage><Process ToolSource="C:\Program Files\ArcGIS\Desktop10.0\ArcToolbox\Toolboxes\Conversion Tools.tbx\FeatureClassToFeatureClass" Date="20121024" Time="100616">FeatureClassToFeatureClass "D:\CUADRANTES_COLOMBIA\Colombia Completo\Colombia SHP\octubre 2012\RIOS\LINE\line.shp" "D:\CUADRANTES_COLOMBIA\Colombia Completo\Colombia By GISCO Octubre 2012.mdb\HIDROLOGY" RIOS_LINE # "type "type" true true false 5 Long 0 5 ,First,#,D:\CUADRANTES_COLOMBIA\Colombia Completo\Colombia SHP\octubre 2012\RIOS\LINE\line.shp,type,-1,-1;label "label" true true false 80 Text 0 0 ,First,#,D:\CUADRANTES_COLOMBIA\Colombia Completo\Colombia SHP\octubre 2012\RIOS\LINE\line.shp,label,-1,-1;descr "descr" true true false 80 Text 0 0 ,First,#,D:\CUADRANTES_COLOMBIA\Colombia Completo\Colombia SHP\octubre 2012\RIOS\LINE\line.shp,descr,-1,-1;label3 "label3" true true false 80 Text 0 0 ,First,#,D:\CUADRANTES_COLOMBIA\Colombia Completo\Colombia SHP\octubre 2012\RIOS\LINE\line.shp,label3,-1,-1;city "city" true true false 80 Text 0 0 ,First,#,D:\CUADRANTES_COLOMBIA\Colombia Completo\Colombia SHP\octubre 2012\RIOS\LINE\line.shp,city,-1,-1;region "region" true true false 80 Text 0 0 ,First,#,D:\CUADRANTES_COLOMBIA\Colombia Completo\Colombia SHP\octubre 2012\RIOS\LINE\line.shp,region,-1,-1;country "country" true true false 80 Text 0 0 ,First,#,D:\CUADRANTES_COLOMBIA\Colombia Completo\Colombia SHP\octubre 2012\RIOS\LINE\line.shp,country,-1,-1;zip "zip" true true false 80 Text 0 0 ,First,#,D:\CUADRANTES_COLOMBIA\Colombia Completo\Colombia SHP\octubre 2012\RIOS\LINE\line.shp,zip,-1,-1;oneway "oneway" true true false 1 Short 0 1 ,First,#,D:\CUADRANTES_COLOMBIA\Colombia Completo\Colombia SHP\octubre 2012\RIOS\LINE\line.shp,oneway,-1,-1;toll "toll" true true false 1 Short 0 1 ,First,#,D:\CUADRANTES_COLOMBIA\Colombia Completo\Colombia SHP\octubre 2012\RIOS\LINE\line.shp,toll,-1,-1;speed "speed" true true false 2 Short 0 2 ,First,#,D:\CUADRANTES_COLOMBIA\Colombia Completo\Colombia SHP\octubre 2012\RIOS\LINE\line.shp,speed,-1,-1;roadclass "roadclass" true true false 2 Short 0 2 ,First,#,D:\CUADRANTES_COLOMBIA\Colombia Completo\Colombia SHP\octubre 2012\RIOS\LINE\line.shp,roadclass,-1,-1;roadid "roadid" true true false 9 Long 0 9 ,First,#,D:\CUADRANTES_COLOMBIA\Colombia Completo\Colombia SHP\octubre 2012\RIOS\LINE\line.shp,roadid,-1,-1;level "level" true true false 5 Long 0 5 ,First,#,D:\CUADRANTES_COLOMBIA\Colombia Completo\Colombia SHP\octubre 2012\RIOS\LINE\line.shp,level,-1,-1;endlevel "endlevel" true true false 5 Long 0 5 ,First,#,D:\CUADRANTES_COLOMBIA\Colombia Completo\Colombia SHP\octubre 2012\RIOS\LINE\line.shp,endlevel,-1,-1;notforemer "notforemer" true true false 1 Short 0 1 ,First,#,D:\CUADRANTES_COLOMBIA\Colombia Completo\Colombia SHP\octubre 2012\RIOS\LINE\line.shp,notforemer,-1,-1;notfordeli "notfordeli" true true false 1 Short 0 1 ,First,#,D:\CUADRANTES_COLOMBIA\Colombia Completo\Colombia SHP\octubre 2012\RIOS\LINE\line.shp,notfordeli,-1,-1;notforcar "notforcar" true true false 1 Short 0 1 ,First,#,D:\CUADRANTES_COLOMBIA\Colombia Completo\Colombia SHP\octubre 2012\RIOS\LINE\line.shp,notforcar,-1,-1;notforbus "notforbus" true true false 1 Short 0 1 ,First,#,D:\CUADRANTES_COLOMBIA\Colombia Completo\Colombia SHP\octubre 2012\RIOS\LINE\line.shp,notforbus,-1,-1;notfortaxi "notfortaxi" true true false 1 Short 0 1 ,First,#,D:\CUADRANTES_COLOMBIA\Colombia Completo\Colombia SHP\octubre 2012\RIOS\LINE\line.shp,notfortaxi,-1,-1;notforpede "notforpede" true true false 1 Short 0 1 ,First,#,D:\CUADRANTES_COLOMBIA\Colombia Completo\Colombia SHP\octubre 2012\RIOS\LINE\line.shp,notforpede,-1,-1;notforbicy "notforbicy" true true false 1 Short 0 1 ,First,#,D:\CUADRANTES_COLOMBIA\Colombia Completo\Colombia SHP\octubre 2012\RIOS\LINE\line.shp,notforbicy,-1,-1;notfortruc "notfortruc" true true false 1 Short 0 1 ,First,#,D:\CUADRANTES_COLOMBIA\Colombia Completo\Colombia SHP\octubre 2012\RIOS\LINE\line.shp,notfortruc,-1,-1" #</Process></lineage></DataProperties><SyncDate>20181116</SyncDate><SyncTime>07030200</SyncTime><ModDate>20181116</ModDate><ModTime>07030200</ModTime></Esri><dataIdInfo><envirDesc Sync="TRUE"> Version 6.2 (Build 9200) ; Esri ArcGIS 10.4.0.5524</envirDesc><dataLang><languageCode value="spa" country="COL"></languageCode><countryCode value="COL" Sync="TRUE"></countryCode></dataLang><idCitation><resTitle Sync="TRUE">RiosChinchina</resTitle><presForm><PresFormCd value="005"></PresFormCd></presForm></idCitation><descKeys><thesaName uuidref="723f6998-058e-11dc-8314-0800200c9a66"></thesaName><keyword Sync="TRUE">002</keyword></descKeys><spatRpType><SpatRepTypCd value="001"></SpatRepTypCd></spatRpType></dataIdInfo><mdLang><languageCode value="spa"></languageCode><countryCode value="COL" Sync="TRUE"></countryCode></mdLang><mdChar><CharSetCd value="004"></CharSetCd></mdChar><distInfo><distFormat><formatName Sync="TRUE">Shapefile</formatName></distFormat><distTranOps><transSize Sync="TRUE">0.000</transSize></distTranOps></distInfo><mdHrLv><ScopeCd value="005"></ScopeCd></mdHrLv><mdHrLvName Sync="TRUE">dataset</mdHrLvName><refSysInfo><RefSystem><refSysID><identCode code="4326"></identCode><idCodeSpace Sync="TRUE">EPSG</idCodeSpace><idVersion Sync="TRUE">6.14(3.0.1)</idVersion></refSysID></RefSystem></refSysInfo><spdoinfo><ptvctinf><esriterm Name="RiosChinchina"><efeatyp Sync="TRUE">Simple</efeatyp><efeageom code="3" Sync="TRUE"></efeageom><esritopo Sync="TRUE">FALSE</esritopo><efeacnt Sync="TRUE">0</efeacnt><spindex Sync="TRUE">FALSE</spindex><linrefer Sync="TRUE">FALSE</linrefer></esriterm></ptvctinf></spdoinfo><spatRepInfo><VectSpatRep><geometObjs Name="RiosChinchina"><geoObjTyp><GeoObjTypCd value="002" Sync="TRUE"></GeoObjTypCd></geoObjTyp><geoObjCnt Sync="TRUE">0</geoObjCnt></geometObjs><topLvl><TopoLevCd value="001" Sync="TRUE"></TopoLevCd></topLvl></VectSpatRep></spatRepInfo><eainfo><detailed Name="RiosChinchina"><enttyp><enttypl Sync="TRUE">RiosChinchina</enttypl><enttypt Sync="TRUE">Feature Class</enttypt><enttypc Sync="TRUE">0</enttypc></enttyp><attr><attrlabl Sync="TRUE">FID</attrlabl><attalias Sync="TRUE">FID</attalias><attrtype Sync="TRUE">OID</attrtype><attwidth Sync="TRUE">4</attwidth><atprecis Sync="TRUE">0</atprecis><attscale Sync="TRUE">0</attscale><attrdef Sync="TRUE">Internal feature number.</attrdef><attrdefs Sync="TRUE">Esri</attrdefs><attrdomv><udom Sync="TRUE">Sequential unique whole numbers that are automatically generated.</udom></attrdomv></attr><attr><attrlabl Sync="TRUE">Shape</attrlabl><attalias Sync="TRUE">Shape</attalias><attrtype Sync="TRUE">Geometry</attrtype><attwidth Sync="TRUE">0</attwidth><atprecis Sync="TRUE">0</atprecis><attscale Sync="TRUE">0</attscale><attrdef Sync="TRUE">Feature geometry.</attrdef><attrdefs Sync="TRUE">ESRI</attrdefs><attrdomv><udom Sync="TRUE">Coordinates defining the features.</udom></attrdomv></attr><attr><attrlabl Sync="TRUE">type</attrlabl><attalias Sync="TRUE">type</attalias><attrtype Sync="TRUE">Integer</attrtype><attwidth Sync="TRUE">10</attwidth><atprecis Sync="TRUE">10</atprecis><attscale Sync="TRUE">0</attscale></attr><attr><attrlabl Sync="TRUE">label</attrlabl><attalias Sync="TRUE">label</attalias><attrtype Sync="TRUE">String</attrtype><attwidth Sync="TRUE">80</attwidth><atprecis Sync="TRUE">0</atprecis><attscale Sync="TRUE">0</attscale></attr><attr><attrlabl Sync="TRUE">descr</attrlabl><attalias Sync="TRUE">descr</attalias><attrtype Sync="TRUE">String</attrtype><attwidth Sync="TRUE">80</attwidth><atprecis Sync="TRUE">0</atprecis><attscale Sync="TRUE">0</attscale></attr><attr><attrlabl Sync="TRUE">label3</attrlabl><attalias Sync="TRUE">label3</attalias><attrtype Sync="TRUE">String</attrtype><attwidth Sync="TRUE">80</attwidth><atprecis Sync="TRUE">0</atprecis><attscale Sync="TRUE">0</attscale></attr><attr><attrlabl Sync="TRUE">city</attrlabl><attalias Sync="TRUE">city</attalias><attrtype Sync="TRUE">String</attrtype><attwidth Sync="TRUE">80</attwidth><atprecis Sync="TRUE">0</atprecis><attscale Sync="TRUE">0</attscale></attr><attr><attrlabl Sync="TRUE">region</attrlabl><attalias Sync="TRUE">region</attalias><attrtype Sync="TRUE">String</attrtype><attwidth Sync="TRUE">80</attwidth><atprecis Sync="TRUE">0</atprecis><attscale Sync="TRUE">0</attscale></attr><attr><attrlabl Sync="TRUE">country</attrlabl><attalias Sync="TRUE">country</attalias><attrtype Sync="TRUE">String</attrtype><attwidth Sync="TRUE">80</attwidth><atprecis Sync="TRUE">0</atprecis><attscale Sync="TRUE">0</attscale></attr><attr><attrlabl Sync="TRUE">zip</attrlabl><attalias Sync="TRUE">zip</attalias><attrtype Sync="TRUE">String</attrtype><attwidth Sync="TRUE">80</attwidth><atprecis Sync="TRUE">0</atprecis><attscale Sync="TRUE">0</attscale></attr><attr><attrlabl Sync="TRUE">oneway</attrlabl><attalias Sync="TRUE">oneway</attalias><attrtype Sync="TRUE">Integer</attrtype><attwidth Sync="TRUE">5</attwidth><atprecis Sync="TRUE">5</atprecis><attscale Sync="TRUE">0</attscale></attr><attr><attrlabl Sync="TRUE">toll</attrlabl><attalias Sync="TRUE">toll</attalias><attrtype Sync="TRUE">Integer</attrtype><attwidth Sync="TRUE">5</attwidth><atprecis Sync="TRUE">5</atprecis><attscale Sync="TRUE">0</attscale></attr><attr><attrlabl Sync="TRUE">speed</attrlabl><attalias Sync="TRUE">speed</attalias><attrtype Sync="TRUE">Integer</attrtype><attwidth Sync="TRUE">5</attwidth><atprecis Sync="TRUE">5</atprecis><attscale Sync="TRUE">0</attscale></attr><attr><attrlabl Sync="TRUE">roadclass</attrlabl><attalias Sync="TRUE">roadclass</attalias><attrtype Sync="TRUE">Integer</attrtype><attwidth Sync="TRUE">5</attwidth><atprecis Sync="TRUE">5</atprecis><attscale Sync="TRUE">0</attscale></attr><attr><attrlabl Sync="TRUE">roadid</attrlabl><attalias Sync="TRUE">roadid</attalias><attrtype Sync="TRUE">Integer</attrtype><attwidth Sync="TRUE">10</attwidth><atprecis Sync="TRUE">10</atprecis><attscale Sync="TRUE">0</attscale></attr><attr><attrlabl Sync="TRUE">level_</attrlabl><attalias Sync="TRUE">level_</attalias><attrtype Sync="TRUE">Integer</attrtype><attwidth Sync="TRUE">10</attwidth><atprecis Sync="TRUE">10</atprecis><attscale Sync="TRUE">0</attscale></attr><attr><attrlabl Sync="TRUE">endlevel</attrlabl><attalias Sync="TRUE">endlevel</attalias><attrtype Sync="TRUE">Integer</attrtype><attwidth Sync="TRUE">10</attwidth><atprecis Sync="TRUE">10</atprecis><attscale Sync="TRUE">0</attscale></attr><attr><attrlabl Sync="TRUE">notforemer</attrlabl><attalias Sync="TRUE">notforemer</attalias><attrtype Sync="TRUE">Integer</attrtype><attwidth Sync="TRUE">5</attwidth><atprecis Sync="TRUE">5</atprecis><attscale Sync="TRUE">0</attscale></attr><attr><attrlabl Sync="TRUE">notfordeli</attrlabl><attalias Sync="TRUE">notfordeli</attalias><attrtype Sync="TRUE">Integer</attrtype><attwidth Sync="TRUE">5</attwidth><atprecis Sync="TRUE">5</atprecis><attscale Sync="TRUE">0</attscale></attr><attr><attrlabl Sync="TRUE">notforcar</attrlabl><attalias Sync="TRUE">notforcar</attalias><attrtype Sync="TRUE">Integer</attrtype><attwidth Sync="TRUE">5</attwidth><atprecis Sync="TRUE">5</atprecis><attscale Sync="TRUE">0</attscale></attr><attr><attrlabl Sync="TRUE">notforbus</attrlabl><attalias Sync="TRUE">notforbus</attalias><attrtype Sync="TRUE">Integer</attrtype><attwidth Sync="TRUE">5</attwidth><atprecis Sync="TRUE">5</atprecis><attscale Sync="TRUE">0</attscale></attr><attr><attrlabl Sync="TRUE">notfortaxi</attrlabl><attalias Sync="TRUE">notfortaxi</attalias><attrtype Sync="TRUE">Integer</attrtype><attwidth Sync="TRUE">5</attwidth><atprecis Sync="TRUE">5</atprecis><attscale Sync="TRUE">0</attscale></attr><attr><attrlabl Sync="TRUE">notforpede</attrlabl><attalias Sync="TRUE">notforpede</attalias><attrtype Sync="TRUE">Integer</attrtype><attwidth Sync="TRUE">5</attwidth><atprecis Sync="TRUE">5</atprecis><attscale Sync="TRUE">0</attscale></attr><attr><attrlabl Sync="TRUE">notforbicy</attrlabl><attalias Sync="TRUE">notforbicy</attalias><attrtype Sync="TRUE">Integer</attrtype><attwidth Sync="TRUE">5</attwidth><atprecis Sync="TRUE">5</atprecis><attscale Sync="TRUE">0</attscale></attr><attr><attrlabl Sync="TRUE">notfortruc</attrlabl><attalias Sync="TRUE">notfortruc</attalias><attrtype Sync="TRUE">Integer</attrtype><attwidth Sync="TRUE">5</attwidth><atprecis Sync="TRUE">5</atprecis><attscale Sync="TRUE">0</attscale></attr><attr><attrlabl Sync="TRUE">Shape_Leng</attrlabl><attalias Sync="TRUE">Shape_Leng</attalias><attrtype Sync="TRUE">Double</attrtype><attwidth Sync="TRUE">19</attwidth><atprecis Sync="TRUE">0</atprecis><attscale Sync="TRUE">0</attscale></attr></detailed></eainfo><mdDateSt Sync="TRUE">20181116</mdDateSt></metadata>
